isolate,dose,cm,cm-6,inib,reduct,fungicide,year,genotype,mycelial_growth
2794,0,72.03,66.03,0,100,CARB,2011,15ADON,66.03
2794,0.5,56.8275,50.8275,23.02362562,76.97637438,CARB,2011,15ADON,50.8275
2794,1,40.9025,34.9025,47.14145086,52.85854914,CARB,2011,15ADON,34.9025
2794,2,19.8825,13.8825,78.9754657,21.0245343,CARB,2011,15ADON,13.8825
2794,4,6,0,100,0,CARB,2011,15ADON,0
2832,0,75.355,69.355,0,100,CARB,2011,15ADON,69.355
2832,0.5,75.6075,69.6075,-0.3640689208,100.3640689,CARB,2011,15ADON,69.6075
2832,1,49.83,43.83,36.80340278,63.19659722,CARB,2011,15ADON,43.83
2832,2,20.61,14.61,78.93446759,21.06553241,CARB,2011,15ADON,14.61
2832,4,6,0,100,0,CARB,2011,15ADON,0
2781,0,58.265,52.265,0,100,CARB,2011,15ADON,52.265
2781,0.5,57.92,51.92,0.6600975796,99.33990242,CARB,2011,15ADON,51.92
2781,1,36.645,30.645,41.36611499,58.63388501,CARB,2011,15ADON,30.645
2781,2,19.9075,13.9075,73.39041424,26.60958576,CARB,2011,15ADON,13.9075
2781,4,6,0,100,0,CARB,2011,15ADON,0
2816,0,81.5,75.5,0,100,CARB,2011,15ADON,75.5
2816,0.5,81.94,75.94,-0.582781457,100.5827815,CARB,2011,15ADON,75.94
2816,1,52.2575,46.2575,38.73178808,61.26821192,CARB,2011,15ADON,46.2575
2816,2,24.0175,18.0175,76.13576159,23.86423841,CARB,2011,15ADON,18.0175
2816,4,6,0,100,0,CARB,2011,15ADON,0
2546,0,78.735,72.735,0,100,CARB,2011,15ADON,72.735
2546,0.5,80.7175,74.7175,-2.7256479,102.7256479,CARB,2011,15ADON,74.7175
2546,1,49.1275,43.1275,40.70598749,59.29401251,CARB,2011,15ADON,43.1275
2546,2,27.36,21.36,70.63312023,29.36687977,CARB,2011,15ADON,21.36
2546,4,9.275,3.275,95.49735341,4.502646594,CARB,2011,15ADON,3.275
2551,0,60.7375,54.7375,0,100,CARB,2011,15ADON,54.7375
2551,0.5,66.285,60.285,-10.13473396,110.134734,CARB,2011,15ADON,60.285
2551,1,41.1025,35.1025,35.87120347,64.12879653,CARB,2011,15ADON,35.1025
2551,2,16.095,10.095,81.5574332,18.4425668,CARB,2011,15ADON,10.095
2551,4,6,0,100,0,CARB,2011,15ADON,0
2655,0,51.1775,45.1775,0,100,CARB,2011,15ADON,45.1775
2655,0.5,45.965,39.965,11.53782303,88.46217697,CARB,2011,15ADON,39.965
2655,1,42.53,36.53,19.1411654,80.8588346,CARB,2011,15ADON,36.53
2655,2,27.7325,21.7325,51.895301859999996,48.104698140000004,CARB,2011,15ADON,21.7325
2655,4,6,0,100,0,CARB,2011,15ADON,0
2662,0,72.6875,66.6875,0,100,CARB,2011,15ADON,66.6875
2662,0.5,67.8975,61.8975,7.182755389,92.81724461,CARB,2011,15ADON,61.8975
2662,1,54.31,48.31,27.55763824,72.44236176,CARB,2011,15ADON,48.31
2662,2,24.6075,18.6075,72.09746954,27.90253046,CARB,2011,15ADON,18.6075
2662,4,6,0,100,0,CARB,2011,15ADON,0
2727,0,78.0525,72.0525,0,100,CARB,2011,15ADON,72.0525
2727,0.5,74.2875,68.2875,5.225356511,94.77464349,CARB,2011,15ADON,68.2875
2727,1,36.7825,30.7825,57.27767947,42.72232053,CARB,2011,15ADON,30.7825
2727,2,23.3825,17.3825,75.87522987,24.12477013,CARB,2011,15ADON,17.3825
2727,4,6,0,100,0,CARB,2011,15ADON,0
2702,0,72.4075,66.4075,0,100,CARB,2011,15ADON,66.4075
2702,0.5,72.4675,66.4675,-0.09035124045,100.0903512,CARB,2011,15ADON,66.4675
2702,1,41.1925,35.1925,47.00523284,52.99476716,CARB,2011,15ADON,35.1925
2702,2,18.5225,12.5225,81.14294319,18.85705681,CARB,2011,15ADON,12.5225
2702,4,6,0,100,0,CARB,2011,15ADON,0
3676,0,83.925,77.925,0,100,CARB,2013,3ADON,77.925
3676,0.5,76.215,70.215,9.89412897,90.10587103,CARB,2013,3ADON,70.215
3676,1,42.0325,36.0325,53.76002567,46.23997433,CARB,2013,3ADON,36.0325
3676,2,19.8325,13.8325,82.24895733,17.75104267,CARB,2013,3ADON,13.8325
3676,4,9.9425,3.9425,94.94064806,5.059351941,CARB,2013,3ADON,3.9425
3680,0,67.795,61.795,0,100,CARB,2013,NIV,61.795
3680,0.5,72.625,66.625,-7.816166357,107.8161664,CARB,2013,NIV,66.625
3680,1,32.4275,26.4275,57.23359495,42.76640505,CARB,2013,NIV,26.4275
3680,2,19.955,13.955,77.41726677,22.58273323,CARB,2013,NIV,13.955
3680,4,9.8275,3.8275,93.80613318,6.193866818,CARB,2013,NIV,3.8275
3685,0,71.485,65.485,0,100,CARB,2013,15ADON,65.485
3685,0.5,64.185,58.185,11.14759105,88.85240895,CARB,2013,15ADON,58.185
3685,1,35.765,29.765,54.54684279,45.45315721,CARB,2013,15ADON,29.765
3685,2,23.33,17.33,73.53592426,26.46407574,CARB,2013,15ADON,17.33
3685,4,6,0,100,0,CARB,2013,15ADON,0
3698,0,63.74,57.74,0,100,CARB,2013,15ADON,57.74
3698,0.5,60.935,54.935,4.857984067,95.14201593,CARB,2013,15ADON,54.935
3698,1,31.295,25.295,56.19154832,43.80845168,CARB,2013,15ADON,25.295
3698,2,16.335,10.335,82.10079667,17.89920333,CARB,2013,15ADON,10.335
3698,4,6,0,100,0,CARB,2013,15ADON,0
3703,0,71.0325,65.0325,0,100,CARB,2013,15ADON,65.0325
3703,0.5,66.45,60.45,7.046476762,92.95352324,CARB,2013,15ADON,60.45
3703,1,30.27,24.27,62.68019836,37.31980164,CARB,2013,15ADON,24.27
3703,2,19.295,13.295,79.55637566,20.44362434,CARB,2013,15ADON,13.295
3703,4,6,0,100,0,CARB,2013,15ADON,0
3307,0,78.1225,72.1225,0,100,CARB,2013,15ADON,72.1225
3307,0.5,69.93,63.93,11.3591459,88.6408541,CARB,2013,15ADON,63.93
3307,1,42.9425,36.9425,48.77812056,51.22187944,CARB,2013,15ADON,36.9425
3307,2,22.385,16.385,77.2817082,22.7182918,CARB,2013,15ADON,16.385
3307,4,9.4075,3.4075,95.27539949,4.724600506,CARB,2013,15ADON,3.4075
3317,0,76.1525,70.1525,0,100,CARB,2013,15ADON,70.1525
3317,0.5,68.88,62.88,10.36670112,89.63329888,CARB,2013,15ADON,62.88
3317,1,45.765,39.765,43.31634653,56.68365347,CARB,2013,15ADON,39.765
3317,2,20.9025,14.9025,78.75699369,21.24300631,CARB,2013,15ADON,14.9025
3317,4,7.575,1.575,97.75489113,2.24510887,CARB,2013,15ADON,1.575
3357,0,74.985,68.985,0,100,CARB,2013,NIV,68.985
3357,0.5,69.025,63.025,8.639559324,91.36044068,CARB,2013,NIV,63.025
3357,1,39.2625,33.2625,51.7829963,48.2170037,CARB,2013,NIV,33.2625
3357,2,19.6825,13.6825,80.16597811,19.83402189,CARB,2013,NIV,13.6825
3357,4,6,0,100,0,CARB,2013,NIV,0
3387,0,60.8975,54.8975,0,100,CARB,2013,15ADON,54.8975
3387,0.5,63.9575,57.9575,-5.574024318,105.5740243,CARB,2013,15ADON,57.9575
3387,1,35.42,29.42,46.40921718,53.59078282,CARB,2013,15ADON,29.42
3387,2,18.895,12.895,76.51077007,23.48922993,CARB,2013,15ADON,12.895
3387,4,6,0,100,0,CARB,2013,15ADON,0
3400,0,70.7125,64.7125,0,100,CARB,2013,15ADON,64.7125
3400,0.5,62.105,56.105,13.30113966,86.69886034,CARB,2013,15ADON,56.105
3400,1,43.3925,37.3925,42.21750048,57.78249952,CARB,2013,15ADON,37.3925
3400,2,20.115,14.115,78.18813985,21.81186015,CARB,2013,15ADON,14.115
3400,4,6,0,100,0,CARB,2013,15ADON,0
3448,0,67.3825,61.3825,0,100,CARB,2013,3ADON,61.3825
3448,0.5,55.3925,49.3925,19.53325459,80.46674541,CARB,2013,3ADON,49.3925
3448,1,49.7925,43.7925,28.656376,71.343624,CARB,2013,3ADON,43.7925
3448,2,25.83,19.83,67.69437543,32.30562457,CARB,2013,3ADON,19.83
3448,4,6,0,100,0,CARB,2013,3ADON,0
3576,0,81.1825,75.1825,0,100,CARB,2013,15ADON,75.1825
3576,0.5,79.245,73.245,2.577062481,97.42293752,CARB,2013,15ADON,73.245
3576,1,42.855,36.855,50.97928374,49.02071626,CARB,2013,15ADON,36.855
3576,2,19.495,13.495,82.05034416,17.94965584,CARB,2013,15ADON,13.495
3576,4,6,0,100,0,CARB,2013,15ADON,0
3577,0,78.1025,72.1025,0,100,CARB,2013,15ADON,72.1025
3577,0.5,63.7375,57.7375,19.92302625,80.07697375,CARB,2013,15ADON,57.7375
3577,1,43.74,37.74,47.6578482,52.3421518,CARB,2013,15ADON,37.74
3577,2,14.0925,8.0925,88.77639472,11.22360528,CARB,2013,15ADON,8.0925
3577,4,6,0,100,0,CARB,2013,15ADON,0
004-13,0,74.0225,68.0225,0,100,CARB,2013,15ADON,68.0225
004-13,0.5,73.5975,67.5975,0.6247932669,99.37520673,CARB,2013,15ADON,67.5975
004-13,1,40.8475,34.8475,48.77062737,51.22937263,CARB,2013,15ADON,34.8475
004-13,2,18.87,12.87,81.07978978,18.92021022,CARB,2013,15ADON,12.87
004-13,4,6,0,100,0,CARB,2013,15ADON,0
015-13,0,71.8075,65.8075,0,100,CARB,2013,15ADON,65.8075
015-13,0.5,71.7825,65.7825,0.03798959085,99.96201041,CARB,2013,15ADON,65.7825
015-13,1,44.83,38.83,40.99456749,59.00543251,CARB,2013,15ADON,38.83
015-13,2,20.6675,14.6675,77.71150705,22.28849295,CARB,2013,15ADON,14.6675
015-13,4,6,0,100,0,CARB,2013,15ADON,0
2514,0,61.54,55.54,0,100,CARB,2012,XXX,55.54
2514,0.5,67.4075,61.4075,-10.56445805,110.564458,CARB,2012,XXX,61.4075
2514,1,28.7075,22.7075,59.11505221,40.88494779,CARB,2012,XXX,22.7075
2514,2,18.8575,12.8575,76.85001801,23.14998199,CARB,2012,XXX,12.8575
2514,4,6,0,100,0,CARB,2012,XXX,0
3159,0,64.645,58.645,0,100,CARB,2012,NIV,58.645
3159,0.5,70.2725,64.2725,-9.595873476,109.5958735,CARB,2012,NIV,64.2725
3159,1,37.755,31.755,45.85216131,54.14783869,CARB,2012,NIV,31.755
3159,2,22.13,16.13,72.49552392,27.50447608,CARB,2012,NIV,16.13
3159,4,6,0,100,0,CARB,2012,NIV,0
2499,0,72.92,66.92,0,100,CARB,2012,NIV,66.92
2499,0.5,64.0875,58.0875,13.19859534,86.80140466,CARB,2012,NIV,58.0875
2499,1,24.0625,18.0625,73.0088165,26.991183500000002,CARB,2012,NIV,18.0625
2499,2,18.1975,12.1975,81.77301255,18.22698745,CARB,2012,NIV,12.1975
2499,4,6,0,100,0,CARB,2012,NIV,0
2990,0,72.1025,66.1025,0,100,CARB,2012,NIV,66.1025
2990,0.5,69.01,63.01,4.678340456,95.32165954,CARB,2012,NIV,63.01
2990,1,42.545,36.545,44.71464771,55.28535229,CARB,2012,NIV,36.545
2990,2,21.5925,15.5925,76.41163345,23.58836655,CARB,2012,NIV,15.5925
2990,4,6,0,100,0,CARB,2012,NIV,0
3074,0,68.595,62.595,0,100,CARB,2012,NIV,62.595
3074,0.5,68.48,62.48,0.1837207445,99.81627926,CARB,2012,NIV,62.48
3074,1,39.1375,33.1375,47.06046809,52.93953191,CARB,2012,NIV,33.1375
3074,2,19.8825,13.8825,77.821711,22.178289,CARB,2012,NIV,13.8825
3074,4,10.44,4.44,92.90678169,7.093218308,CARB,2012,NIV,4.44
3270,0,80.31,74.31,0,100,CARB,2012,NIV,74.31
3270,0.5,72.0175,66.0175,11.15933253,88.84066747,CARB,2012,NIV,66.0175
3270,1,36.3475,30.3475,59.16094738,40.83905262,CARB,2012,NIV,30.3475
3270,2,21.75,15.75,78.80500606,21.19499394,CARB,2012,NIV,15.75
3270,4,14.445,8.445,88.6354461,11.3645539,CARB,2012,NIV,8.445
2536,0,41.14,35.14,0,100,CARB,2012,15ADON,35.14
2536,0.5,38.1975,32.1975,8.373648264,91.62635174,CARB,2012,15ADON,32.1975
2536,1,34.3275,28.3275,19.38673876,80.61326124,CARB,2012,15ADON,28.3275
2536,2,27.0025,21.0025,40.23192943,59.76807057,CARB,2012,15ADON,21.0025
2536,4,19.2375,13.2375,62.32925441,37.67074559,CARB,2012,15ADON,13.2375
3038,0,66.2725,60.2725,0,100,CARB,2012,NIV,60.2725
3038,0.5,70.1225,64.1225,-6.387656062,106.3876561,CARB,2012,NIV,64.1225
3038,1,37.6325,31.6325,47.51752458,52.48247542,CARB,2012,NIV,31.6325
3038,2,21.615,15.615,74.09266249,25.90733751,CARB,2012,NIV,15.615
3038,4,9.9125,3.9125,93.50864822,6.491351777,CARB,2012,NIV,3.9125
3097,0,71.99725,65.99725,0,100,CARB,2012,XXX,65.99725
3097,0.5,67.1975,61.1975,7.272651512,92.72734849,CARB,2012,XXX,61.1975
3097,1,48.2775,42.2775,35.94051267,64.05948733,CARB,2012,XXX,42.2775
3097,2,27.1375,21.1375,67.97215035,32.02784965,CARB,2012,XXX,21.1375
3097,4,6,0,100,0,CARB,2012,XXX,0
3145,0,74.175,68.175,0,100,CARB,2012,NIV,68.175
3145,0.5,65.3475,59.3475,12.94829483,87.05170517,CARB,2012,NIV,59.3475
3145,1,34.5275,28.5275,58.15548221,41.84451779,CARB,2012,NIV,28.5275
3145,2,21.495,15.495,77.27172717,22.72827283,CARB,2012,NIV,15.495
3145,4,12.805,6.805,90.01833517,9.981664833,CARB,2012,NIV,6.805
2794,0,72.03,66.03,0,100,TEBU,2011,15ADON,66.03
2794,0.5,30.27,24.27,63.24398001,36.75601999,TEBU,2011,15ADON,24.27
2794,1,15.3175,9.32,85.88898985,14.11101015,TEBU,2011,15ADON,9.32
2794,2,16.2425,10.24,84.48811146,15.51188854,TEBU,2011,15ADON,10.24
2794,4,13.72,7.72,88.30834469,11.69165531,TEBU,2011,15ADON,7.72
2832,0,75.36,69.36,0,100,TEBU,2011,15ADON,69.36
2832,0.5,46.8825,40.88,41.05327662,58.94672338,TEBU,2011,15ADON,40.88
2832,1,35.4275,29.43,57.56974984,42.43025016,TEBU,2011,15ADON,29.43
2832,2,23.7375,17.74,74.42505948,25.57494052,TEBU,2011,15ADON,17.74
2832,4,15.5325,9.53,86.25549708,13.74450292,TEBU,2011,15ADON,9.53
2781,0,58.27,52.27,0,100,TEBU,2011,15ADON,52.27
2781,0.5,28.2575,22.26,57.41413948,42.58586052,TEBU,2011,15ADON,22.26
2781,1,25.5175,19.52,62.65665359,37.34334641,TEBU,2011,15ADON,19.52
2781,2,19.5825,13.58,74.01224529,25.98775471,TEBU,2011,15ADON,13.58
2781,4,15.775,9.78,81.29723524,18.70276476,TEBU,2011,15ADON,9.78
2816,0,81.5,75.5,0,100,TEBU,2011,15ADON,75.5
2816,0.5,59.8025,53.8,28.7384106,71.2615894,TEBU,2011,15ADON,53.8
2816,1,50.5625,44.56,40.97682119,59.02317881,TEBU,2011,15ADON,44.56
2816,2,44.7,38.7,48.74172185,51.25827815,TEBU,2011,15ADON,38.7
2816,4,34.05,28.05,62.84768212,37.15231788,TEBU,2011,15ADON,28.05
2546,0,78.74,72.74,0,100,TEBU,2011,15ADON,72.74
2546,0.5,42.43,36.43,49.91407163,50.08592837,TEBU,2011,15ADON,36.43
2546,1,37.3175,31.32,56.9430123,43.0569877,TEBU,2011,15ADON,31.32
2546,2,24.625,18.63,74.39334571,25.60665429,TEBU,2011,15ADON,18.63
2546,4,20.18,14.18,80.50457139,19.49542861,TEBU,2011,15ADON,14.18
2551,0,60.74,54.74,0,100,TEBU,2011,15ADON,54.74
2551,0.5,24.095,18.1,66.94222425,33.05777575,TEBU,2011,15ADON,18.1
2551,1,19.725,13.73,74.92578214,25.07421786,TEBU,2011,15ADON,13.73
2551,2,17.5725,11.57,78.8581868,21.1418132,TEBU,2011,15ADON,11.57
2551,4,14.5675,8.57,84.34802466,15.65197534,TEBU,2011,15ADON,8.57
2655,0,51.18,45.18,0,100,TEBU,2011,15ADON,45.18
2655,0.5,34.095,28.1,37.81196392,62.18803608,TEBU,2011,15ADON,28.1
2655,1,20.9875,14.99,66.8253002,33.1746998,TEBU,2011,15ADON,14.99
2655,2,15.7125,9.71,78.50146644,21.49853356,TEBU,2011,15ADON,9.71
2655,4,14.3525,8.35,81.51181451,18.48818549,TEBU,2011,15ADON,8.35
2662,0,72.69,66.69,0,100,TEBU,2011,15ADON,66.69
2662,0.5,54.9925,48.99,26.53420806,73.46579194,TEBU,2011,15ADON,48.99
2662,1,51.745,45.75,31.40393627,68.59606373,TEBU,2011,15ADON,45.75
2662,2,41.8175,35.82,46.29053421,53.70946579,TEBU,2011,15ADON,35.82
2662,4,28.045,22.05,66.94283037,33.05716963,TEBU,2011,15ADON,22.05
2727,0,78.05,72.05,0,100,TEBU,2011,15ADON,72.05
2727,0.5,27.8,21.8,69.74428368,30.25571632,TEBU,2011,15ADON,21.8
2727,1,25.5275,19.53,72.89823393,27.10176607,TEBU,2011,15ADON,19.53
2727,2,17.995,12,83.35241664,16.64758336,TEBU,2011,15ADON,12
2727,4,14.68,8.68,87.95322855,12.04677145,TEBU,2011,15ADON,8.68
2702,0,72.41,66.41,0,100,TEBU,2011,15ADON,66.41
2702,0.5,29.11,23.11,65.19971389,34.80028611,TEBU,2011,15ADON,23.11
2702,1,22.085,16.09,75.77833829,24.22166171,TEBU,2011,15ADON,16.09
2702,2,19.245,13.25,80.05496367,19.94503633,TEBU,2011,15ADON,13.25
2702,4,14.17,8.17,87.69717276,12.30282724,TEBU,2011,15ADON,8.17
3676,0,83.93,77.93,0,100,TEBU,2013,3ADON,77.93
3676,0.5,28.7275,22.73,70.83413539,29.16586461,TEBU,2013,3ADON,22.73
3676,1,24.0575,18.06,76.82707732,23.17292268,TEBU,2013,3ADON,18.06
3676,2,21.495,15.5,80.11549567,19.88450433,TEBU,2013,3ADON,15.5
3676,4,18.255,12.26,84.27333975,15.72666025,TEBU,2013,3ADON,12.26
3680,0,67.8,61.8,0,100,TEBU,2013,NIV,61.8
3680,0.5,27.1625,21.16,65.75370176,34.24629824,TEBU,2013,NIV,21.16
3680,1,21.85,15.85,74.35067562,25.64932438,TEBU,2013,NIV,15.85
3680,2,21.6775,15.68,74.62982442,25.37017558,TEBU,2013,NIV,15.68
3680,4,17.9925,11.99,80.59309006,19.40690994,TEBU,2013,NIV,11.99
3685,0,71.49,65.49,0,100,TEBU,2013,15ADON,65.49
3685,0.5,40.135,34.14,47.87355883,52.12644117,TEBU,2013,15ADON,34.14
3685,1,31.525,25.53,61.021608,38.978392,TEBU,2013,15ADON,25.53
3685,2,17.695,11.7,82.14094831,17.85905169,TEBU,2013,15ADON,11.7
3685,4,17.7125,11.71,82.11422463,17.88577537,TEBU,2013,15ADON,11.71
3698,0,63.74,57.74,0,100,TEBU,2013,15ADON,57.74
3698,0.5,31.8025,25.8,55.31260824,44.68739176,TEBU,2013,15ADON,25.8
3698,1,25.5925,19.59,66.06771735,33.93228265,TEBU,2013,15ADON,19.59
3698,2,19.5675,13.57,76.50242466,23.49757534,TEBU,2013,15ADON,13.57
3698,4,16.1675,10.17,82.3908902,17.6091098,TEBU,2013,15ADON,10.17
3703,0,71.03,65.03,0,100,TEBU,2013,15ADON,65.03
3703,0.5,31.17,25.17,61.296274940000004,38.70372506,TEBU,2013,15ADON,25.17
3703,1,20.895,14.9,77.09606735,22.90393265,TEBU,2013,15ADON,14.9
3703,2,20.45,14.45,77.7803406,22.2196594,TEBU,2013,15ADON,14.45
3703,4,16.4525,10.45,83.92726714,16.07273286,TEBU,2013,15ADON,10.45
3307,0,78.12,72.12,0,100,TEBU,2013,15ADON,72.12
3307,0.5,37.6275,31.63,56.14752678,43.85247322,TEBU,2013,15ADON,31.63
3307,1,30.345,24.35,66.2449305,33.7550695,TEBU,2013,15ADON,24.35
3307,2,27.5725,21.57,70.08908454,29.91091546,TEBU,2013,15ADON,21.57
3307,4,19.9275,13.93,80.68910534,19.31089466,TEBU,2013,15ADON,13.93
3317,0,76.15,70.15,0,100,TEBU,2013,15ADON,70.15
3317,0.5,37.815,31.82,54.64880083,45.35119917,TEBU,2013,15ADON,31.82
3317,1,27.0675,21.07,69.96899612,30.03100388,TEBU,2013,15ADON,21.07
3317,2,21.8275,15.83,77.43843769,22.56156231,TEBU,2013,15ADON,15.83
3317,4,17.9675,11.97,82.94073625,17.05926375,TEBU,2013,15ADON,11.97
3357,0,74.99,68.99,0,100,TEBU,2013,NIV,68.99
3357,0.5,23.02,17.02,75.32796985,24.67203015,TEBU,2013,NIV,17.02
3357,1,19.57,13.57,80.32905704,19.67094296,TEBU,2013,NIV,13.57
3357,2,15.325,9.33,86.48256867,13.51743133,TEBU,2013,NIV,9.33
3357,4,10.5125,4.51,93.45872291,6.541277089,TEBU,2013,NIV,4.51
3387,0,60.9,54.9,0,100,TEBU,2013,15ADON,54.9
3387,0.5,31.5475,25.55,53.46327246,46.53672754,TEBU,2013,15ADON,25.55
3387,1,23.08,17.08,68.88747211,31.11252789,TEBU,2013,15ADON,17.08
3387,2,22.2025,16.2,70.48590555,29.51409445,TEBU,2013,15ADON,16.2
3387,4,17.5125,11.51,79.02909969,20.97090031,TEBU,2013,15ADON,11.51
3400,0,70.71,64.71,0,100,TEBU,2013,15ADON,64.71
3400,0.5,31.62,25.62,60.40950357,39.59049643,TEBU,2013,15ADON,25.62
3400,1,24.4975,18.5,71.41587792,28.58412208,TEBU,2013,15ADON,18.5
3400,2,16.93,10.93,83.10990921,16.89009079,TEBU,2013,15ADON,10.93
3400,4,14.04,8.04,87.57581611,12.42418389,TEBU,2013,15ADON,8.04
3448,0,67.38,61.38,0,100,TEBU,2013,3ADON,61.38
3448,0.5,28.235,22.24,63.77632061,36.22367939,TEBU,2013,3ADON,22.24
3448,1,25.8975,19.9,67.58440924,32.41559076,TEBU,2013,3ADON,19.9
3448,2,21.7475,15.75,74.34529385,25.65470615,TEBU,2013,3ADON,15.75
3448,4,13.035,7.04,88.53907873,11.46092127,TEBU,2013,3ADON,7.04
3576,0,81.18,75.18,0,100,TEBU,2013,15ADON,75.18
3576,0.5,30.01,24.01,68.06437668,31.93562332,TEBU,2013,15ADON,24.01
3576,1,26.7475,20.75,72.40381738,27.59618262,TEBU,2013,15ADON,20.75
3576,2,18.59,12.59,83.25408173,16.74591827,TEBU,2013,15ADON,12.59
3576,4,14.3675,8.37,88.87041532,11.12958468,TEBU,2013,15ADON,8.37
3577,0,78.1,72.1,0,100,TEBU,2013,15ADON,72.1
3577,0.5,32.365,26.37,63.43400021,36.56599979,TEBU,2013,15ADON,26.37
3577,1,24.84,18.84,73.87053153,26.12946847,TEBU,2013,15ADON,18.84
3577,2,21.115,15.12,79.03678791,20.96321209,TEBU,2013,15ADON,15.12
3577,4,18.27,12.27,82.98255955,17.01744045,TEBU,2013,15ADON,12.27
004-13,0,74.02,68.02,0,100,TEBU,2013,15ADON,68.02
004-13,0.5,42.325,36.33,46.59855195,53.40144805,TEBU,2013,15ADON,36.33
004-13,1,32.6025,26.6,60.89161674,39.10838326,TEBU,2013,15ADON,26.6
004-13,2,24.32,18.32,73.06773494,26.93226506,TEBU,2013,15ADON,18.32
004-13,4,18.6675,12.67,81.37748539,18.62251461,TEBU,2013,15ADON,12.67
015-13,0,71.81,65.81,0,100,TEBU,2013,15ADON,65.81
015-13,0.5,31.1125,25.11,61.83945599,38.16054401,TEBU,2013,15ADON,25.11
015-13,1,21.885,15.89,75.86141397,24.13858603,TEBU,2013,15ADON,15.89
015-13,2,23.5,17.5,73.4072864,26.5927136,TEBU,2013,15ADON,17.5
015-13,4,17.435,11.44,82.62356114,17.37643886,TEBU,2013,15ADON,11.44
2514,0,61.54,55.54,0,100,TEBU,2012,XXX,55.54
2514,0.5,25.9,19.9,64.16996759,35.83003241,TEBU,2012,XXX,19.9
2514,1,22.82,16.82,69.71552035,30.28447965,TEBU,2012,XXX,16.82
2514,2,19.5375,13.54,75.62567519,24.37432481,TEBU,2012,XXX,13.54
2514,4,14.3775,8.38,84.91627656,15.08372344,TEBU,2012,XXX,8.38
3159,0,64.65,58.65,0,100,TEBU,2012,NIV,58.65
3159,0.5,23.6325,17.63,69.93349817,30.06650183,TEBU,2012,NIV,17.63
3159,1,21.69,15.69,73.24580101,26.75419899,TEBU,2012,NIV,15.69
3159,2,22.165,16.17,72.43584278,27.56415722,TEBU,2012,NIV,16.17
3159,4,13.605,7.61,87.03214255,12.96785745,TEBU,2012,NIV,7.61
2499,0,72.92,66.92,0,100,TEBU,2012,NIV,66.92
2499,0.5,23.85,17.85,73.32635983,26.67364017,TEBU,2012,NIV,17.85
2499,1,21.6375,15.64,76.63254632,23.36745368,TEBU,2012,NIV,15.64
2499,2,20.3025,14.3,78.62746563,21.37253437,TEBU,2012,NIV,14.3
2499,4,12.3725,6.37,90.47743574,9.522564256,TEBU,2012,NIV,6.37
2990,0,72.1,66.1,0,100,TEBU,2012,NIV,66.1
2990,0.5,21.3575,15.36,76.76714194,23.23285806,TEBU,2012,NIV,15.36
2990,1,17.3975,11.4,82.75783821,17.24216179,TEBU,2012,NIV,11.4
2990,2,17.565,11.57,82.50444386,17.49555614,TEBU,2012,NIV,11.57
2990,4,15.345,9.35,85.86286449,14.13713551,TEBU,2012,NIV,9.35
3074,0,68.6,62.6,0,100,TEBU,2012,NIV,62.6
3074,0.5,28.285,22.29,64.39811487,35.60188513,TEBU,2012,NIV,22.29
3074,1,22.3825,16.38,73.82778177,26.17221823,TEBU,2012,NIV,16.38
3074,2,19.245,13.25,78.84016295,21.15983705,TEBU,2012,NIV,13.25
3074,4,15.3575,9.36,85.0507229,14.9492771,TEBU,2012,NIV,9.36
3270,0,80.31,74.31,0,100,TEBU,2012,NIV,74.31
3270,0.5,26.985,20.99,71.76019378,28.23980622,TEBU,2012,NIV,20.99
3270,1,22.115,16.12,78.31382048,21.68617952,TEBU,2012,NIV,16.12
3270,2,20.6975,14.7,80.22136994,19.77863006,TEBU,2012,NIV,14.7
3270,4,13.7975,7.8,89.50679586,10.49320414,TEBU,2012,NIV,7.8
2536,0,43.7,37.7,0,100,TEBU,2012,15ADON,37.7
2536,0.5,32.09,26.09,30.79116652,69.20883348,TEBU,2012,15ADON,26.09
2536,1,30.655,24.66,34.597785,65.402215,TEBU,2012,15ADON,24.66
2536,2,27.335,21.34,43.40473506,56.59526494,TEBU,2012,15ADON,21.34
2536,4,23.19,17.19,54.40015916,45.59984084,TEBU,2012,15ADON,17.19
3038,0,66.27,60.27,0,100,TEBU,2012,NIV,60.27
3038,0.5,20.2675,14.27,76.32834211,23.67165789,TEBU,2012,NIV,14.27
3038,1,15.915,9.92,83.54971173,16.45028827,TEBU,2012,NIV,9.92
3038,2,15.3075,9.31,84.55763408,15.44236592,TEBU,2012,NIV,9.31
3038,4,12.875,6.88,88.59347132,11.40652868,TEBU,2012,NIV,6.88
3097,0,72,66,0,100,TEBU,2012,XXX,66
3097,0.5,46.815,40.82,38.1565141,61.8434859,TEBU,2012,XXX,40.82
3097,1,38.2425,32.24,51.14569168,48.85430832,TEBU,2012,XXX,32.24
3097,2,31.25,25.25,61.74083011,38.25916989,TEBU,2012,XXX,25.25
3097,4,15.0275,9.03,86.32139976,13.67860024,TEBU,2012,XXX,9.03
3145,0,74.18,68.18,0,100,TEBU,2012,NIV,68.18
3145,0.5,23.9325,17.93,73.69636964,26.30363036,TEBU,2012,NIV,17.93
3145,1,21.2025,15.2,77.70077008,22.29922992,TEBU,2012,NIV,15.2
3145,2,19.4225,13.42,80.31169784,19.68830216,TEBU,2012,NIV,13.42
3145,4,13.985,7.99,88.28749542,11.71250458,TEBU,2012,NIV,7.99
